{
  "train_loss": [
    5.333448822641443,
    4.204083277924344,
    3.9451445751273964,
    3.8393768391532395
  ],
  "val_loss": [
    4.400871697225068,
    4.043647377114547,
    3.8964599935632003,
    3.8654888084060266
  ],
  "val_ppl": [
    81.52190011562418,
    57.03398835834124,
    49.227873299751145,
    47.72659589313615
  ]
}